Matrix_Size,CPU_Time_ms,GPU_Naive_Time_ms,GPU_Shared_Time_ms,CPU_vs_Naive_Speedup,CPU_vs_Shared_Speedup
64,0.148,295.008,1.759,0.000501681,0.0841387
128,1.231,1.266,0.829,0.972354,1.48492
256,12.648,1.698,1.23,7.44876,10.2829
512,307.491,3.602,3.421,85.3667,89.8834
1024,5334.3,70.064,56.936,76.1347,93.6895
